1,"Conten 01", "Content 01 is a ", 33, 2017-12-02 23:55:66.333+01:00, enabled
2,"Conten 02", "Content is a ", 33, 2017-12-02 23:55:66.333+01:00, enabled
3,"Conten 03", "Content is , a ", 	33, 2017-12-02 23:55:66.333+01:00, enabled
4,"Conten 04", "Content is a ", 55, 2017-12-02 23:55:66.333+01:00, enabled
5,"Conten 05", "Content is a ", 66, 2017-12-02 23:55:66.333+01:00, enabled2
6"Conten 06", "Content is a ", 66, 2017-12-02 23:55:66.333+01:00, enabled
7,"Conten 07", "Content i,s a ", 34, 2017-12-02 23:55:66.333+01:00, enabled
8,"Conten 08", "Content is a ", 33, 2017-12-02 23:55:66.333+01:00, enabled
9,"Conten 09", "Content is a ", 33, 2017-12-02 23:55:66.333+01:00, enabled
10,"Content ..", "Content i,s a ", 33, 2017-12-02 23:55:66.333+01:00, enabled
11,"Conten  ..", "Content is a ", 333, 2017-12-02 23:55:66.333+01:00, enabled
12,"Conten  ..", "Content is a ", 333, 2017-12-02 23:55:66.333+01:00, enabled
113,"Conten  ..", "Content i	s a ", 33, 2017-02-02 23:55:66.333+01:00, deleted
44,"Conten  ..", "Content i,s a ", 667, 2017-12-02 23:55:66.333+01:00, enabled
77,"Conten  ..", "Content is a ", 33, 2017-12-02 23:55:66.333+01:00, enabled
99,"Conten  ..", "Content is a, 33, 2017-12-02 23:55:66.333+01:00, enabled
88,"", "Content is a ", 667, 2017-12-02 23:55:66.333+01:00, disabled
56,, "Content is a ", 98, 2017-12-02 23:55:66.333+01:00, enabled
77,"Conten ", "Content is a ,", 1, 2017-12-02 23:55:66.333+01:00, enabled
45,"Conten ", "Content is a 	", 12, 2017-12-02 23:55:66.333+01:00, enabled
985"Conten ", "Content is a ", 1, 2017-12-02 23:55:66.333+01:00, enabled
34,"Conten ", "Content is a 	", 98, 2017-12-02 23:55:66.333+01:00, enabled
26,"Conten ", "Content is a ", 12, 	2017-12-02 23:55:66.333+01:00, enabled
28,"Conten ", "Content is a ", 98, 	2017-12-02 23:55:66.333+01:00, enabled
39,"Conten ", "Content is a ", 12, 2017-12-02 23:55:66.333+01:00, enabled
40,"Conten ", "Content is a ", 		98, 2017-12-02 23:55:66.333+01:00, enabled
36,"Conten ", "Content is a ", 1, 2017-12-02 23:55:66.333+01:00, enabled
18,"Conten ", "Content is a ", 334, 2017-12-02 23:55:66.333+01:00, enabled
58,"Conten ", "Content is a ",, 2017-12-02 23:55:66.333+01:00, enabled
